Word,Translation,POS,Lemma,Morphology
e,And,['CCONJ'],['e'],[]
non,Not,['ADV'],['non'],[PronType=Neg]
che,That,['SCONJ'],['che'],[]
di,Of,['ADP'],['di'],[]
la,there,['DET'],['il'],[Definite=Def|Gender=Fem|Number=Sing|PronType=Art]
il,The,['DET'],['il'],[Definite=Def|Gender=Masc|Number=Sing|PronType=Art]
un,a,['DET'],['uno'],[Definite=Ind|Gender=Masc|Number=Sing|PronType=Art]
a,to,['ADP'],['a'],[]
per,For,['ADP'],['per'],[]
è,And,['AUX'],['essere'],[Mood=Ind|Number=Sing|Person=3|Tense=Pres|VerbForm=Fin]
in,in,['ADP'],['in'],[]
una,a,['DET'],['uno'],[Definite=Ind|Gender=Fem|Number=Sing|PronType=Art]
mi,me,['PRON'],['mi'],[Clitic=Yes|Number=Sing|Person=1|PronType=Prs]
sono,I am,['AUX'],['essere'],[Mood=Ind|Number=Plur|Person=3|Tense=Pres|VerbForm=Fin]
ho,I have,['AUX'],['avere'],[Mood=Ind|Number=Sing|Person=1|Tense=Pres|VerbForm=Fin]
l',L',"['DET', 'DET']","['L', ""'""]","[Definite=Def|Number=Sing|PronType=Art, Definite=Def|Number=Sing|PronType=Art]"
si,Yes,['PRON'],['si'],[Clitic=Yes|Person=3|PronType=Prs]
ha,has,['VERB'],['avere'],[Mood=Ind|Number=Sing|Person=3|Tense=Pres|VerbForm=Fin]
ma,but,['CCONJ'],['ma'],[]
lo,the,['PRON'],['il'],[Clitic=Yes|Gender=Masc|Number=Sing|Person=3|PronType=Prs]
cosa,What,['PRON'],['cosa'],[Number=Sing|PronType=Int]
con,with,['ADP'],['con'],[]
no,no,['INTJ'],['no'],[Polarity=Neg]
le,the,['DET'],['il'],[Definite=Def|Gender=Fem|Number=Plur|PronType=Art]
ti,you,['PRON'],['ti'],[Clitic=Yes|Number=Sing|Person=2|PronType=Prs]
se,self,['SCONJ'],['se'],[]
da,from,['ADP'],['da'],[]
i,the,['DET'],['il'],[Definite=Def|Gender=Masc|Number=Plur|PronType=Art]
come,as,['ADP'],['come'],[]
io,I,['PRON'],['io'],[Number=Sing|Person=1|PronType=Prs]
ci,There,['PRON'],['ci'],[Clitic=Yes|Number=Plur|Person=1|PronType=Prs]
hai,you have,['VERB'],['avere'],[Mood=Ind|Number=Sing|Person=2|Tense=Pres|VerbForm=Fin]
questo,This,['PRON'],['questo'],[Gender=Masc|Number=Sing|PronType=Dem]
bene,Well,['ADV'],['bene'],[]
qui,here,['ADV'],['qui'],[]
sei,six,['NUM'],['essere'],[NumType=Card]
del,of the,['ADP'],['di il'],[Definite=Def|Gender=Masc|Number=Sing|PronType=Art]
tu,you,['PRON'],['tu'],[Number=Sing|Person=2|PronType=Prs]
solo,Alone,['ADV'],['solo'],[]
mio,my,['DET'],['mio'],[Gender=Masc|Number=Sing|Poss=Yes|PronType=Prs]
al,to the,['ADP'],['a il'],[Definite=Def|Gender=Masc|Number=Sing|PronType=Art]
me,myself,['PRON'],['me'],[Number=Sing|Person=1|PronType=Prs]
tutto,All,['PRON'],['tutto'],[Gender=Masc|Number=Sing|PronType=Ind]
c',there,"['PRON', 'PRON']","['c', ""'""]","[Clitic=Yes|PronType=Prs, Clitic=Yes|PronType=Prs]"
te,you,['PRON'],['te'],[Clitic=Yes|Number=Sing|Person=2|PronType=Prs]
era,era,['AUX'],['essere'],[Mood=Ind|Number=Sing|Person=3|Tense=Imp|VerbForm=Fin]
della,from the,['ADP'],['di il'],[Definite=Def|Gender=Fem|Number=Sing|PronType=Art]
mia,my,['DET'],['mio'],[Gender=Fem|Number=Sing|Poss=Yes|PronType=Prs]
fatto,Done,['VERB'],['fare'],[Gender=Masc|Number=Sing|Tense=Past|VerbForm=Part]
fare,Do,['VERB'],['fare'],[VerbForm=Inf]
essere,to be,['AUX'],['essere'],[VerbForm=Inf]
so,I know,['VERB'],['sapere'],[Mood=Ind|Number=Sing|Person=1|Tense=Pres|VerbForm=Fin]
quando,when,['SCONJ'],['quando'],[]
sì,Yes,['INTJ'],['sì'],[Polarity=Pos]
ora,Now,['ADV'],['ora'],[]
lei,she,['PRON'],['lei'],[Number=Sing|Person=3|PronType=Prs]
gli,The,['DET'],['il'],[Definite=Def|Gender=Masc|Number=Plur|PronType=Art]
ne,neither,['PRON'],['ne'],[Clitic=Yes|PronType=Prs]
oh,Oh,['ADV'],['oh'],[]
questa,this,['DET'],['questo'],[Gender=Fem|Number=Sing|PronType=Dem]
detto,said,['VERB'],['dire'],[Gender=Masc|Number=Sing|Tense=Past|VerbForm=Part]
ok,ok,['X'],['ok'],[Foreign=Yes]
va,it goes,['VERB'],['andare'],[Mood=Ind|Number=Sing|Person=3|Tense=Pres|VerbForm=Fin]
quello,that,['PRON'],['quello'],[Gender=Masc|Number=Sing|PronType=Dem]
mai,never,['ADV'],['mai'],[]
alla,at the,['ADP'],['a il'],[Definite=Def|Gender=Fem|Number=Sing|PronType=Art]
o,or,['CCONJ'],['o'],[]
anche,Also,['ADV'],['anche'],[]
stato,state,['NOUN'],['essere'],[Gender=Masc|Number=Sing]
abbiamo,we have,['VERB'],['avere'],[Mood=Ind|Number=Plur|Person=1|Tense=Pres|VerbForm=Fin]
tutti,everyone,['PRON'],['tutto'],[Gender=Masc|Number=Plur|PronType=Ind]
dei,of the,['ADP'],['di il'],[Definite=Def|Gender=Masc|Number=Plur|PronType=Art]
grazie,Thank you,['NOUN'],['grazie'],[]
chi,who,['PRON'],['chi'],[PronType=Int]
sta,is,['VERB'],['stare'],[Mood=Ind|Number=Sing|Person=3|Tense=Pres|VerbForm=Fin]
molto,Very,['ADV'],['molto'],[]
più,more,['ADV'],['più'],[]
voglio,I want,['VERB'],['volere'],[Mood=Ind|Number=Sing|Person=1|Tense=Pres|VerbForm=Fin]
perché,Why,['SCONJ'],['perché'],[]
tuo,your,['DET'],['tuo'],[Gender=Masc|Number=Sing|Poss=Yes|PronType=Prs]
beh,Well,['ADV'],['beh'],[]
sia,is,['AUX'],['essere'],[Mood=Sub|Number=Sing|Person=3|Tense=Pres|VerbForm=Fin]
nel,In the,['ADP'],['in il'],[Definite=Def|Gender=Masc|Number=Sing|PronType=Art]
lui,he,['PRON'],['lui'],[Gender=Masc|Number=Sing|Person=3|PronType=Prs]
allora,At that time,['ADV'],['allora'],[]
posso,I can,['AUX'],['potere'],[Mood=Ind|Number=Sing|Person=1|Tense=Pres|VerbForm=Fin]
ehi,Hey,['NOUN'],['ehi'],[Gender=Masc]
prima,Before,['ADV'],['prima'],[]
tua,your,['DET'],['tuo'],[Gender=Fem|Number=Sing|Poss=Yes|PronType=Prs]
suo,his,['DET'],['suo'],[Gender=Masc|Number=Sing|Poss=Yes|PronType=Prs]
niente,Nothing,['PRON'],['niente'],[Number=Sing|PronType=Ind]
qualcosa,something,['PRON'],['qualcosa'],[Number=Sing|PronType=Ind]
sai,you know,['VERB'],['sai'],[Mood=Ind|Number=Sing|Person=2|Tense=Pres|VerbForm=Fin]
siamo,we are,['AUX'],['essere'],[Mood=Ind|Number=Plur|Person=1|Tense=Pres|VerbForm=Fin]
un',a,"['DET', 'PUNCT']","['uno', ""'""]","[Definite=Ind|Gender=Masc|Number=Sing|PronType=Art, ]"
cosi,Like this,['VERB'],['coso'],[Clitic=Yes|Person=3|PronType=Prs|VerbForm=Ger]
davvero,Really,['ADV'],['davvero'],[]
ancora,Still,['ADV'],['ancora'],[]
hanno,they have,['VERB'],['avere'],[Mood=Ind|Number=Plur|Person=3|Tense=Pres|VerbForm=Fin]
stai,you are,['VERB'],['stare'],[Mood=Ind|Number=Sing|Person=2|Tense=Pres|VerbForm=Fin]
fa,does,['VERB'],['fare'],[Mood=Ind|Number=Sing|Person=3|Tense=Pres|VerbForm=Fin]
sua,her,['DET'],['suo'],[Gender=Fem|Number=Sing|Poss=Yes|PronType=Prs]
così,Like this,['ADV'],['così'],[]
casa,home,['NOUN'],['casa'],[Gender=Fem|Number=Sing]
uno,one,['PRON'],['uno'],[Gender=Masc|Number=Sing|PronType=Ind]
dove,Where,['ADV'],['dove'],[]
su,on,['ADP'],['su'],[]
vero,True,['ADJ'],['vero'],[Gender=Masc|Number=Sing]
vuoi,you want,['AUX'],['volere'],[Mood=Ind|Number=Sing|Person=2|Tense=Pres|VerbForm=Fin]
noi,we,['PRON'],['noi'],[Number=Plur|Person=1|PronType=Prs]
due,two,['NUM'],['due'],[NumType=Card]
quindi,Therefore,['ADV'],['quindi'],[]
dire,to say,['VERB'],['dire'],[VerbForm=Inf]
d',d ',"['ADP', 'ADP']","['d', ""'""]","[, ]"
delle,from the,['ADP'],['di il'],[Definite=Def|Gender=Fem|Number=Plur|PronType=Art]
quella,that,['PRON'],['quello'],[Gender=Fem|Number=Sing|PronType=Dem]
sempre,Always,['ADV'],['sempre'],[]
altro,other,['PRON'],['altro'],[Gender=Masc|Number=Sing|PronType=Ind]
sto,this,['VERB'],['stare'],[Mood=Ind|Number=Sing|Person=1|Tense=Pres|VerbForm=Fin]
andare,go,['VERB'],['andare'],[VerbForm=Inf]
ad,to,['ADP'],['a'],[]
po,bit,['DET'],['po'],[Definite=Def|Gender=Masc|Number=Sing|PronType=Art]
loro,They,['DET'],['loro'],[Poss=Yes|PronType=Prs]
devo,I have to,['AUX'],['dovere'],[Mood=Ind|Number=Sing|Person=1|Tense=Pres|VerbForm=Fin]
quel,that,['DET'],['quello'],[Gender=Masc|Number=Sing|PronType=Dem]
forse,Perhaps,['ADV'],['forse'],[]
li,there,['PRON'],['li'],[Clitic=Yes|Gender=Masc|Number=Plur|Person=3|PronType=Prs]
proprio,own,['ADV'],['proprio'],[]
certo,Certain,['ADV'],['certo'],[]
tempo,time,['NOUN'],['tempo'],[Gender=Masc|Number=Sing]
nella,in the,['ADP'],['in il'],[Definite=Def|Gender=Fem|Number=Sing|PronType=Art]
poi,Then,['ADV'],['poi'],[]
vi,you,['PRON'],['vi'],[Clitic=Yes|Number=Plur|Person=2|PronType=Prs]
credo,I believe,['VERB'],['credere'],[Mood=Ind|Number=Sing|Person=1|Tense=Pres|VerbForm=Fin]
vita,life,['NOUN'],['vita'],[Gender=Fem|Number=Sing]
cose,things,['NOUN'],['cosa'],[Gender=Fem|Number=Plur]
sul,on the,['ADP'],['su il'],[Definite=Def|Gender=Masc|Number=Sing|PronType=Art]
quanto,How much,['ADV'],['quanto'],[]
puoi,you can,['AUX'],['potere'],[Mood=Ind|Number=Sing|Person=2|Tense=Pres|VerbForm=Fin]
fuori,out,['ADV'],['fuori'],[]
anni,years,['NOUN'],['anno'],[Gender=Masc|Number=Plur]
cui,which,['PRON'],['cui'],[PronType=Rel]
andiamo,let's go,['VERB'],['andare'],[Mood=Ind|Number=Plur|Person=1|Tense=Pres|VerbForm=Fin]
dell',of,"['ADP', 'ADP']","['dell', ""'""]","[Definite=Def|Number=Sing|PronType=Art, Definite=Def|Number=Sing|PronType=Art]"
parte,part,['NOUN'],['parte'],[Gender=Fem|Number=Sing]
visto,view,['VERB'],['vedere'],[Gender=Masc|Number=Sing|Tense=Past|VerbForm=Part]
qualcuno,someone,['PRON'],['qualcuno'],[Gender=Masc|Number=Sing|PronType=Ind]
all',at,"['ADP', 'ADP']","['all', ""'""]","[Definite=Def|Number=Sing|PronType=Art, Definite=Def|Number=Sing|PronType=Art]"
lavoro,Work,['NOUN'],['lavoro'],[Gender=Masc|Number=Sing]
voi,you,['PRON'],['voi'],[Number=Plur|Person=2|PronType=Prs]
ciao,HI,['NOUN'],['ciao'],[Gender=Masc|Number=Sing]
dio,God,['PROPN'],['Dio'],[]
volta,time,['NOUN'],['volta'],[Gender=Fem|Number=Sing]
dopo,After,['ADP'],['dopo'],[]
adesso,Now,['ADV'],['adesso'],[]
stata,was,['AUX'],['essere'],[Gender=Fem|Number=Sing|Tense=Past|VerbForm=Part]
uomo,man,['NOUN'],['uomo'],[Gender=Masc|Number=Sing]
padre,father,['NOUN'],['padre'],[Gender=Masc|Number=Sing]
devi,you have to,['AUX'],['dovere'],[Mood=Ind|Number=Sing|Person=2|Tense=Pres|VerbForm=Fin]
bisogno,need,['NOUN'],['bisogno'],[Gender=Masc|Number=Sing]
gia,Already,['VERB'],['giare'],[Mood=Ind|Number=Sing|Person=3|Tense=Pres|VerbForm=Fin]
amico,Friend,['NOUN'],['amico'],[Gender=Masc|Number=Sing]
ed,and,['CCONJ'],['e'],[]
posto,place,['NOUN'],['posto'],[Gender=Masc|Number=Sing]
nessuno,Nobody,['PRON'],['nessuno'],[Gender=Masc|Number=Sing|PronType=Ind]
via,Street,['ADV'],['via'],[]
cos',so,"['VERB', 'PUNCT']","['cos', ""'""]","[Mood=Sub|Number=Sing|Person=3|Tense=Pres|VerbForm=Fin, ]"
fai,you do,['VERB'],['fare'],[Mood=Ind|Number=Sing|Person=2|Tense=Pres|VerbForm=Fin]
signore,Gentleman,['NOUN'],['signore'],[Gender=Masc|Number=Sing]
meglio,Better,['ADV'],['meglio'],[]
cazzo,fuck,['NOUN'],['cazzo'],[Gender=Masc|Number=Sing]
dai,come on,['ADP'],['da il'],[Definite=Def|Gender=Masc|Number=Plur|PronType=Art]
dal,from the,['ADP'],['da il'],[Definite=Def|Gender=Masc|Number=Sing|PronType=Art]
vuole,wants,['AUX'],['volere'],[Mood=Ind|Number=Sing|Person=3|Tense=Pres|VerbForm=Fin]
sembra,it seems,['VERB'],['sembrare'],[Mood=Ind|Number=Sing|Person=3|Tense=Pres|VerbForm=Fin]
giorno,day,['NOUN'],['giorno'],[Gender=Masc|Number=Sing]
ogni,Everything is fine,['DET'],['ogni'],[Number=Sing|PronType=Ind]
modo,way,['NOUN'],['modo'],[Gender=Masc|Number=Sing]
senza,without,['ADP'],['senza'],[]
vedere,see,['VERB'],['vedere'],[VerbForm=Inf]
dobbiamo,we have to,['AUX'],['dovere'],[Mood=Ind|Number=Plur|Person=1|Tense=Pres|VerbForm=Fin]
signor,Mr,['NOUN'],['signore'],[Gender=Masc|Number=Sing]
qualche,some,['DET'],['qualche'],[Number=Sing|PronType=Ind]
dispiace,sorry,['VERB'],['dispiacere'],[Mood=Ind|Number=Sing|Person=3|Tense=Pres|VerbForm=Fin]
penso,I think,['VERB'],['pensare'],[Mood=Ind|Number=Sing|Person=1|Tense=Pres|VerbForm=Fin]
ecco,Here you are,['ADV'],['ecco'],[]
parlare,speak,['VERB'],['parlare'],[VerbForm=Inf]
tra,Between,['ADP'],['tra'],[]
mamma,mom,['NOUN'],['mamma'],[Gender=Fem|Number=Sing]
già,Already,['ADV'],['già'],[]
sarebbe,would be,['AUX'],['essere'],[Mood=Cnd|Number=Sing|Person=3|Tense=Pres|VerbForm=Fin]
dalla,from the,['ADP'],['da il'],[Definite=Def|Gender=Fem|Number=Sing|PronType=Art]
troppo,too,['ADV'],['troppo'],[]
fosse,is,['AUX'],['essere'],[Mood=Sub|Number=Sing|Person=3|Tense=Imp|VerbForm=Fin]
possiamo,we can,['AUX'],['potere'],[Mood=Ind|Number=Plur|Person=1|Tense=Pres|VerbForm=Fin]
ce,there is,['PRON'],['ce'],[Clitic=Yes|PronType=Prs]
nuovo,new,['ADJ'],['nuovo'],[Gender=Masc|Number=Sing]
male,bad,['ADV'],['male'],[]
madre,mother,['NOUN'],['madre'],[Gender=Fem|Number=Sing]
avete,you have,['VERB'],['avere'],[Mood=Ind|Number=Plur|Person=2|Tense=Pres|VerbForm=Fin]
tanto,much,['ADV'],['tanto'],[]
favore,favor,['NOUN'],['favore'],[Gender=Masc|Number=Sing]
successo,success,['NOUN'],['successo'],[Gender=Masc|Number=Sing]
vai,Go,['VERB'],['vai'],[Mood=Imp|Number=Sing|Person=2|Tense=Pres|VerbForm=Fin]
sulla,on the,['ADP'],['su il'],[Definite=Def|Gender=Fem|Number=Sing|PronType=Art]
giusto,Right,['ADJ'],['giusto'],[Gender=Masc|Number=Sing]
sa,know,['VERB'],['sapere'],[Mood=Ind|Number=Sing|Person=3|Tense=Pres|VerbForm=Fin]
miei,my,['DET'],['mio'],[Gender=Masc|Number=Plur|Poss=Yes|PronType=Prs]
aspetta,Wait,['VERB'],['aspettare'],[Mood=Ind|Number=Sing|Person=3|Tense=Pres|VerbForm=Fin]
avere,have,['VERB'],['avere'],[VerbForm=Inf]
altra,other,['PRON'],['altro'],[Gender=Fem|Number=Sing|PronType=Ind]
farlo,to do it,['VERB'],['fare lo'],[Clitic=Yes|Gender=Masc|Number=Sing|Person=3|PronType=Prs|VerbForm=Inf]
alle,to,['ADP'],['a il'],[Definite=Def|Gender=Fem|Number=Plur|PronType=Art]
facendo,doing,['VERB'],['fare'],[VerbForm=Ger]
abbia,have,['VERB'],['avere'],[Mood=Sub|Number=Sing|Person=3|Tense=Pres|VerbForm=Fin]
momento,moment,['NOUN'],['momento'],[Gender=Masc|Number=Sing]
ero,I was,['AUX'],['ero'],[Mood=Ind|Number=Sing|Person=1|Tense=Imp|VerbForm=Fin]
aveva,I had,['VERB'],['avere'],[Mood=Ind|Number=Sing|Person=3|Tense=Imp|VerbForm=Fin]
ragazzi,Boys,['NOUN'],['ragazzo'],[Gender=Masc|Number=Plur]
deve,needs to,['AUX'],['dovere'],[Mood=Ind|Number=Sing|Person=3|Tense=Pres|VerbForm=Fin]
persone,people,['NOUN'],['persona'],[Gender=Fem|Number=Plur]
nostro,our,['DET'],['nostro'],[Gender=Masc|Number=Sing|Poss=Yes|PronType=Prs]
tipo,guy,['NOUN'],['tipo'],[Gender=Masc|Number=Sing]
prego,Please,['VERB'],['pregare'],[Mood=Ind|Number=Sing|Person=1|Tense=Pres|VerbForm=Fin]
grande,great,['ADJ'],['grande'],[Number=Sing]
può,can,['AUX'],['potere'],[Mood=Ind|Number=Sing|Person=3|Tense=Pres|VerbForm=Fin]
senti,feel,['VERB'],['sentire'],[Mood=Ind|Number=Sing|Person=2|Tense=Pres|VerbForm=Fin]
appena,as soon as,['ADV'],['appena'],[]
potrebbe,could be,['AUX'],['potere'],[Mood=Cnd|Number=Sing|Person=3|Tense=Pres|VerbForm=Fin]
soldi,money,['NOUN'],['soldo'],[Gender=Masc|Number=Plur]
dice,He says,['VERB'],['dire'],[Mood=Ind|Number=Sing|Person=3|Tense=Pres|VerbForm=Fin]
sapere,know,['VERB'],['sapere'],[VerbForm=Inf]
tre,Three,['NUM'],['tre'],[NumType=Card]
oggi,Today,['ADV'],['oggi'],[]
questi,these,['PRON'],['questo'],[Gender=Masc|Number=Plur|PronType=Dem]
piace,pleases,['VERB'],['piacere'],[Mood=Ind|Number=Sing|Person=3|Tense=Pres|VerbForm=Fin]
idea,idea,['NOUN'],['idea'],[Gender=Fem|Number=Sing]
siete,you are,['AUX'],['essere'],[Mood=Ind|Number=Plur|Person=2|Tense=Pres|VerbForm=Fin]
ai,to the,['ADP'],['a il'],[Definite=Def|Gender=Masc|Number=Plur|PronType=Art]
avevo,I had,['AUX'],['avere'],[Mood=Ind|Number=Sing|Person=1|Tense=Imp|VerbForm=Fin]
figlio,son,['NOUN'],['figlio'],[Gender=Masc|Number=Sing]
accordo,agreement,['NOUN'],['accordo'],[Gender=Masc|Number=Sing]
gente,people,['NOUN'],['gente'],[Gender=Fem|Number=Sing]
sicuro,Safe,['ADJ'],['sicuro'],[Gender=Masc|Number=Sing]
vieni,You come,['VERB'],['vienere'],[Mood=Ind|Number=Sing|Person=2|Tense=Pres|VerbForm=Fin]
degli,of the,['ADP'],['di il'],[Definite=Def|Gender=Masc|Number=Plur|PronType=Art]
guarda,Look,['VERB'],['guardare'],[Mood=Ind|Number=Sing|Person=3|Tense=Pres|VerbForm=Fin]
dentro,inside,['ADV'],['dentro'],[]
trovato,found,['VERB'],['trovare'],[Gender=Masc|Number=Sing|Tense=Past|VerbForm=Part]
queste,these,['DET'],['questo'],[Gender=Fem|Number=Plur|PronType=Dem]
caso,case,['NOUN'],['caso'],[Gender=Masc|Number=Sing]
forza,Force,['NOUN'],['forza'],[Gender=Fem|Number=Sing]
dov',where to,"['ADP', 'PUNCT']","['dov', ""'""]","[, ]"
tutte,all,['DET'],['tutto'],[Gender=Fem|Number=Plur|PronType=Tot]
pensi,think,['VERB'],['pensare'],[Mood=Sub|Number=Sing|Person=3|Tense=Pres|VerbForm=Fin]
signora,Lady,['NOUN'],['signore'],[Gender=Fem|Number=Sing]
faccio,I do,['VERB'],['fare'],[Mood=Ind|Number=Sing|Person=1|Tense=Pres|VerbForm=Fin]
nome,first name,['NOUN'],['nome'],[Gender=Masc|Number=Sing]
avuto,had,['VERB'],['avere'],[Gender=Masc|Number=Sing|Tense=Past|VerbForm=Part]
problema,problem,['NOUN'],['problema'],[Gender=Masc|Number=Sing]
altri,others,['PRON'],['altro'],[Gender=Masc|Number=Plur|PronType=Ind]
aver,have,['AUX'],['avere'],[VerbForm=Inf]
mondo,world,['NOUN'],['mondo'],[Gender=Masc|Number=Sing]
tutta,all,['DET'],['tutto'],[Gender=Fem|Number=Sing|PronType=Tot]
preso,taken ,['VERB'],['prendere'],[Gender=Masc|Number=Sing|Tense=Past|VerbForm=Part]
nulla,Nothing,['PRON'],['nulla'],[Gender=Masc|Number=Sing|PronType=Ind]
nostra,our,['DET'],['nostro'],[Gender=Fem|Number=Sing|Poss=Yes|PronType=Prs]
donna,woman,['NOUN'],['donna'],[Gender=Fem|Number=Sing]
stare,to stay,['VERB'],['stare'],[VerbForm=Inf]
basta,Enough,['VERB'],['bastare'],[Mood=Ind|Number=Sing|Person=3|Tense=Pres|VerbForm=Fin]
insieme,Together,['ADV'],['insieme'],[]
faccia,face,['VERB'],['fare'],[Mood=Sub|Number=Sing|Person=3|Tense=Pres|VerbForm=Fin]
ragazza,lass,['VERB'],['ragazzare'],[Mood=Ind|Number=Sing|Person=3|Tense=Pres|VerbForm=Fin]
subito,right away,['ADV'],['subito'],[]
famiglia,family,['NOUN'],['famiglia'],[Gender=Fem|Number=Sing]
ragazzo,lad,['NOUN'],['ragazzo'],[Gender=Masc|Number=Sing]
volevo,I wanted,['AUX'],['volere'],[Mood=Ind|Number=Sing|Person=1|Tense=Imp|VerbForm=Fin]
okay,okay,['NOUN'],['okay'],[]
sentito,sense,['VERB'],['sentire'],[Gender=Masc|Number=Sing|Tense=Past|VerbForm=Part]
ah,Ah,['INTJ'],['ah'],[]
stesso,same,['ADJ'],['stesso'],[Gender=Masc|Number=Sing]
ragione,reason,['NOUN'],['ragione'],[Gender=Fem|Number=Sing]
sarà,will be,['AUX'],['essere'],[Mood=Ind|Number=Sing|Person=3|Tense=Fut|VerbForm=Fin]
tuoi,your,['DET'],['tuo'],[Gender=Masc|Number=Plur|Poss=Yes|PronType=Prs]
capito,Understood,['VERB'],['capire'],[Gender=Masc|Number=Sing|Tense=Past|VerbForm=Part]
notte,Night,['NOUN'],['notte'],[Gender=Fem|Number=Sing]
volte,times,['NOUN'],['volta'],[Gender=Fem|Number=Plur]
testa,head,['NOUN'],['testare'],[Gender=Fem|Number=Sing]
serve,serve,['VERB'],['servire'],[Mood=Ind|Number=Sing|Person=3|Tense=Pres|VerbForm=Fin]
tesoro,treasure,['NOUN'],['tesoro'],[Gender=Masc|Number=Sing]
sotto,under,['ADP'],['sotto'],[]
eh,eh,['X'],['eh'],[Foreign=Yes]
suoi,his,['DET'],['suo'],[Gender=Masc|Number=Plur|Poss=Yes|PronType=Prs]
vado,I go,['VERB'],['vado'],[Mood=Ind|Number=Sing|Person=1|Tense=Pres|VerbForm=Fin]
sara,will be,['PROPN'],['Sara'],[]
dato,given,['VERB'],['dare'],[Gender=Masc|Number=Sing|Tense=Past|VerbForm=Part]
stiamo,we are,['VERB'],['stare'],[Mood=Ind|Number=Plur|Person=1|Tense=Pres|VerbForm=Fin]
bella,Pretty,['ADJ'],['bello'],[Gender=Fem|Number=Sing]
scusa,Excuse me,['NOUN'],['scusare'],[Gender=Fem|Number=Sing]
erano,they were,['AUX'],['essere'],[Mood=Ind|Number=Plur|Person=3|Tense=Imp|VerbForm=Fin]
pensavo,I thought,['VERB'],['pensare'],[Mood=Ind|Number=Sing|Person=1|Tense=Imp|VerbForm=Fin]
avrei,I would have,['VERB'],['avre'],[Mood=Cnd|Number=Sing|Person=1|Tense=Pres|VerbForm=Fin]
prendere,take,['VERB'],['prendere'],[VerbForm=Inf]
buona,Good,['ADJ'],['buono'],[Gender=Fem|Number=Sing]
porta,brings,['VERB'],['portare'],[Mood=Ind|Number=Sing|Person=3|Tense=Pres|VerbForm=Fin]
bello,Handsome,['ADJ'],['bello'],[Gender=Masc|Number=Sing]
moglie,wife,['NOUN'],['moglie'],[Gender=Fem|Number=Sing]
vorrei,I would like,['AUX'],['volere'],[Mood=Cnd|Number=Sing|Person=1|Tense=Pres|VerbForm=Fin]
storia,history,['NOUN'],['storia'],[Gender=Fem|Number=Sing]
succede,happens,['VERB'],['succedere'],[Mood=Ind|Number=Sing|Person=3|Tense=Pres|VerbForm=Fin]
morto,died,['VERB'],['morire'],[Gender=Masc|Number=Sing|Tense=Past|VerbForm=Part]
cercando,looking for,['VERB'],['cercare'],[VerbForm=Ger]
dici,you say,['VERB'],['ode'],[Mood=Ind|Number=Sing|Person=2|Tense=Pres|VerbForm=Fin]
persona,person,['NOUN'],['persona'],[Gender=Fem|Number=Sing]
pronto,ready,['ADJ'],['pronto'],[Gender=Masc|Number=Sing]
meno,less,['ADV'],['meno'],[]
dovuto,due,['VERB'],['dovere'],[Gender=Masc|Number=Sing|Tense=Past|VerbForm=Part]
avanti,after you,['ADV'],['avanti'],[]
capisco,I understand,['ADJ'],['capisco'],[Gender=Masc|Number=Sing]
secondo,second,['ADP'],['secondo'],[]
venire,come,['VERB'],['venire'],[VerbForm=Inf]
polizia,police,['NOUN'],['polizia'],[Gender=Fem|Number=Sing]
lì,there,['ADV'],['lì'],[]
avrebbe,it would have,['AUX'],['avere'],[Mood=Cnd|Number=Sing|Person=3|Tense=Pres|VerbForm=Fin]
stanno,they are,['VERB'],['stare'],[Mood=Ind|Number=Plur|Person=3|Tense=Pres|VerbForm=Fin]
mentre,While,['SCONJ'],['mentre'],[]
letto,Bed,['VERB'],['leggere'],[Gender=Masc|Number=Sing|Tense=Past|VerbForm=Part]
fino,until,['ADV'],['fino'],[]
dico,I say,['VERB'],['dire'],[Mood=Ind|Number=Sing|Person=1|Tense=Pres|VerbForm=Fin]
amici,friends,['NOUN'],['amico'],[Gender=Masc|Number=Plur]
fine,end,['NOUN'],['fine'],[Gender=Fem|Number=Sing]
aiuto,help,['NOUN'],['aiuto'],[Gender=Masc|Number=Sing]
paura,fear,['NOUN'],['paura'],[Gender=Fem|Number=Sing]
fratello,Brother,['NOUN'],['fratello'],[Gender=Masc|Number=Sing]
stavo,I was,['VERB'],['stare'],[Mood=Ind|Number=Sing|Person=1|Tense=Imp|VerbForm=Fin]
uomini,men,['NOUN'],['uomo'],[Gender=Masc|Number=Plur]
nell',in the',"['ADP', 'PUNCT']","['nell', ""'""]","[Definite=Def|Number=Sing|PronType=Art, ]"
domani,Tomorrow,['ADV'],['domani'],[]
facciamo,we do,['VERB'],['fare'],[Mood=Ind|Number=Plur|Person=1|Tense=Pres|VerbForm=Fin]
abbastanza,Enough,['ADV'],['abbastanza'],[]
capo,boss,['NOUN'],['capo'],[Gender=Masc|Number=Sing]
amore,Love,['NOUN'],['amore'],[Gender=Masc|Number=Sing]
nei,in the,['ADP'],['in il'],[Definite=Def|Gender=Masc|Number=Plur|PronType=Art]
ucciso,killed,['VERB'],['uccidere'],[Gender=Masc|Number=Sing|Tense=Past|VerbForm=Part]
state,state,['AUX'],['essere'],[Gender=Fem|Number=Plur|Tense=Past|VerbForm=Part]
piano,floor,['NOUN'],['piano'],[Gender=Masc|Number=Sing]
macchina,machine,['NOUN'],['macchina'],[Gender=Fem|Number=Sing]
trovare,find,['VERB'],['trovare'],[VerbForm=Inf]
comunque,Anyway,['ADV'],['comunque'],[]
vediamo,We see,['VERB'],['vedere'],[Mood=Ind|Number=Plur|Person=1|Tense=Pres|VerbForm=Fin]
giorni,days,['NOUN'],['giorno'],[Gender=Masc|Number=Plur]
nemmeno,neither,['ADV'],['nemmeno'],[PronType=Neg]
mano,hand,['NOUN'],['mano'],[Gender=Fem|Number=Sing]
dall',from,"['ADP', 'ADP']","['dall', ""'""]","[Definite=Def|Number=Sing|PronType=Art, Definite=Def|Number=Sing|PronType=Art]"
presto,Soon,['ADV'],['presto'],[]
stati,States,['AUX'],['essere'],[Gender=Masc|Number=Plur|Tense=Past|VerbForm=Part]
merda,shit,['NOUN'],['Merda'],[Gender=Fem|Number=Sing]
far,do,['VERB'],['fare'],[VerbForm=Inf]
bambino,child,['NOUN'],['bambino'],[Gender=Masc|Number=Sing]
andato,left,['VERB'],['andare'],[Gender=Masc|Number=Sing|Tense=Past|VerbForm=Part]
vedo,I see,['VERB'],['vedere'],[Mood=Ind|Number=Sing|Person=1|Tense=Pres|VerbForm=Fin]
tornare,return,['VERB'],['tornare'],[VerbForm=Inf]
quelle,those,['PRON'],['quello'],[Gender=Fem|Number=Plur|PronType=Dem]
primo,first,['ADJ'],['primo'],[Gender=Masc|NumType=Ord|Number=Sing]
vostro,your,['DET'],['vostro'],[Gender=Masc|Number=Sing|Poss=Yes|PronType=Prs]
neanche,not even,['ADV'],['neanche'],[PronType=Neg]
sera,evening,['NOUN'],['sera'],[Gender=Fem|Number=Sing]
giro,tour,['NOUN'],['giro'],[Gender=Masc|Number=Sing]
morte,death,['NOUN'],['morto'],[Gender=Fem|Number=Sing]
qua,here,['ADV'],['qua'],[]
pensato,thought,['VERB'],['pensare'],[Gender=Masc|Number=Sing|Tense=Past|VerbForm=Part]
buon,Good,['ADJ'],['buono'],[Gender=Masc|Number=Sing]
anno,year,['NOUN'],['anno'],[Gender=Masc|Number=Sing]
mie,my,['DET'],['mio'],[Gender=Fem|Number=Plur|Poss=Yes|PronType=Prs]
diavolo,devil,['NOUN'],['diavolo'],[Gender=Masc|Number=Sing]
quasi,Almost,['ADV'],['quasi'],[]
piacere,Pleasure,['NOUN'],['piacere'],[Gender=Masc|Number=Sing]
bel,nice,['ADJ'],['bello'],[Gender=Masc|Number=Sing]
dovrei,I should,['VERB'],['dovre'],[Mood=Cnd|Number=Sing|Person=1|Tense=Pres|VerbForm=Fin]
nessun,no,['DET'],['nessuno'],[Gender=Masc|Number=Sing|PronType=Ind]
contro,against,['ADP'],['contro'],[]
stessa,same,['ADJ'],['stesso'],[Gender=Fem|Number=Sing]
felice,happy,['ADJ'],['felice'],[Number=Sing]
colpa,guilt,['NOUN'],['colpa'],[Gender=Fem|Number=Sing]
punto,point,['NOUN'],['punto'],[Gender=Masc|Number=Sing]
andata,outward,['VERB'],['andare'],[Gender=Fem|Number=Sing|Tense=Past|VerbForm=Part]
dovrebbe,should,['AUX'],['dovere'],[Mood=Cnd|Number=Sing|Person=3|Tense=Pres|VerbForm=Fin]
vedi,you see,['VERB'],['vedere'],[Mood=Imp|Number=Sing|Person=2|Tense=Pres|VerbForm=Fin]
quale,Which,['DET'],['quale'],[Number=Sing|PronType=Int]
chiesto,asked,['VERB'],['chiedere'],[Gender=Masc|Number=Sing|Tense=Past|VerbForm=Part]
invece,Instead,['ADV'],['invece'],[]
perchè,Why,['SCONJ'],['perché'],[]
migliore,improve,['ADJ'],['migliore'],[Degree=Cmp|Number=Sing]
nostri,our,['DET'],['nostro'],[Gender=Masc|Number=Plur|Poss=Yes|PronType=Prs]
finito,finished,['VERB'],['finire'],[Gender=Masc|Number=Sing|Tense=Past|VerbForm=Part]
figlia,Daughter,['NOUN'],['figlio'],[Gender=Fem|Number=Sing]
dovresti,you should,['AUX'],['dovresta'],[Mood=Cnd|Number=Sing|Person=2|Tense=Pres|VerbForm=Fin]
papa,Pope,['NOUN'],['papa'],[Gender=Masc|Number=Sing]
almeno,at least,['ADV'],['almeno'],[]
sento,I feel,['VERB'],['sentire'],[Mood=Ind|Number=Sing|Person=1|Tense=Pres|VerbForm=Fin]
quei,those,['DET'],['quello'],[Gender=Masc|Number=Plur|PronType=Dem]
col,with the,['ADP'],['con il'],[Definite=Def|Gender=Masc|Number=Sing|PronType=Art]
ore,hours,['NOUN'],['ora'],[Gender=Fem|Number=Plur]
passato,past,['VERB'],['passare'],[Gender=Masc|Number=Sing|Tense=Past|VerbForm=Part]
magari,Perhaps,['ADV'],['magari'],[]
minuti,minutes,['NOUN'],['minuto'],[Gender=Masc|Number=Plur]
terra,Earth,['NOUN'],['terra'],[Gender=Fem|Number=Sing]
vostra,your,['DET'],['vostro'],[Gender=Fem|Number=Sing|Poss=Yes|PronType=Prs]
strada,street,['NOUN'],['strada'],[Gender=Fem|Number=Sing]
sola,lonely,['ADJ'],['solo'],[Gender=Fem|Number=Sing]
credi,believe,['VERB'],['credere'],[Mood=Ind|Number=Sing|Person=2|Tense=Pres|VerbForm=Fin]
importante,important,['ADJ'],['importante'],[Number=Sing]
sue,his,['DET'],['suo'],[Gender=Fem|Number=Plur|Poss=Yes|PronType=Prs]
salve,Greetings,['ADJ'],['salvo'],[Gender=Fem|Number=Plur]
settimana,week,['NOUN'],['settimana'],[Gender=Fem|Number=Sing]
perso,lost,['VERB'],['perso'],[Gender=Masc|Number=Sing|Tense=Past|VerbForm=Part]
uscire,go out,['VERB'],['uscire'],[VerbForm=Inf]
parlato,spoke,['VERB'],['parlare'],[Gender=Masc|Number=Sing|Tense=Past|VerbForm=Part]
papà,Pope,['NOUN'],['papà'],[Gender=Masc]
stasera,this evening,['ADV'],['stasera'],[]
scusi,Excuse me,['ADJ'],['scuso'],[Gender=Masc|Number=Plur]
dollari,dollars,['NOUN'],['dollaro'],[Gender=Masc|Number=Plur]
occhi,eyes,['NOUN'],['occhio'],[Gender=Masc|Number=Plur]
mani,hands,['NOUN'],['mano'],[Gender=Fem|Number=Plur]
ultima,last,['ADJ'],['ultimo'],[Gender=Fem|NumType=Ord|Number=Sing]
possibile,possible,['ADJ'],['possibile'],[Number=Sing]
scuola,school,['NOUN'],['scuola'],[Gender=Fem|Number=Sing]
significa,it means,['VERB'],['significare'],[Mood=Ind|Number=Sing|Person=3|Tense=Pres|VerbForm=Fin]
sapevo,I knew,['VERB'],['sapere'],[Mood=Ind|Number=Sing|Person=1|Tense=Imp|VerbForm=Fin]
nelle,in,['ADP'],['in il'],[Definite=Def|Gender=Fem|Number=Plur|PronType=Art]
potrei,I could,['AUX'],['potere'],[Mood=Cnd|Number=Sing|Person=1|Tense=Pres|VerbForm=Fin]
stava,was,['VERB'],['stare'],[Mood=Ind|Number=Sing|Person=3|Tense=Imp|VerbForm=Fin]
bambini,children,['NOUN'],['bambino'],[Gender=Masc|Number=Plur]
eri,you was,['NOUN'],['eri'],[Gender=Masc|Number=Plur]
importa,it matters,['VERB'],['importare'],[Mood=Ind|Number=Sing|Person=3|Tense=Pres|VerbForm=Fin]
indietro,backwards,['ADV'],['indietro'],[]
riesco,I am able to,['VERB'],['riesco'],[Mood=Ind|Number=Sing|Person=1|Tense=Pres|VerbForm=Fin]
sangue,blood,['NOUN'],['sangue'],[Gender=Masc|Number=Sing]
chiama,who loves,['VERB'],['chiamare'],[Mood=Ind|Number=Sing|Person=3|Tense=Pres|VerbForm=Fin]
messo,put in order,['VERB'],['mettere'],[Gender=Masc|Number=Sing|Tense=Past|VerbForm=Part]
piccolo,small,['ADJ'],['piccolo'],[Gender=Masc|Number=Sing]
traduzione,translation,['NOUN'],['traduzione'],[Gender=Fem|Number=Sing]
tardi,late,['ADV'],['tardi'],[]
cuore,Heart,['NOUN'],['cuore'],[Gender=Masc|Number=Sing]
marito,Husband,['NOUN'],['marito'],[Gender=Masc|Number=Sing]
viene,he comes,['AUX'],['venire'],[Mood=Ind|Number=Sing|Person=3|Tense=Pres|VerbForm=Fin]
venuto,coming,['VERB'],['venire'],[Gender=Masc|Number=Sing|Tense=Past|VerbForm=Part]
ieri,Yesterday,['ADV'],['ieri'],[]
spero,I hope,['VERB'],['sperare'],[Mood=Ind|Number=Sing|Person=1|Tense=Pres|VerbForm=Fin]
ricordi,memories,['NOUN'],['ricordo'],[Gender=Masc|Number=Plur]
quelli,those,['PRON'],['quello'],[Gender=Masc|Number=Plur|PronType=Dem]
dovremmo,we should,['AUX'],['dovere'],[Mood=Cnd|Number=Plur|Person=1|Tense=Pres|VerbForm=Fin]
lasciato,left,['VERB'],['lasciare'],[Gender=Masc|Number=Sing|Tense=Past|VerbForm=Part]
ascolta,Listen,['VERB'],['ascoltare'],[Mood=Ind|Number=Sing|Person=3|Tense=Pres|VerbForm=Fin]
difficile,difficult,['ADJ'],['difficile'],[Number=Sing]
quell',that',"['ADP', 'PUNCT']","['quell', ""'""]","[Definite=Def|Number=Sing|PronType=Art, ]"
auto,car,['NOUN'],['auto'],[Gender=Fem]
chiamato,called,['VERB'],['chiamare'],[Gender=Masc|Number=Sing|Tense=Past|VerbForm=Part]
ciò,that is,['PRON'],['ciò'],[Gender=Masc|Number=Sing|PronType=Dem]
altre,other,['DET'],['altro'],[Gender=Fem|Number=Plur|PronType=Ind]
parlando,speaking,['VERB'],['parlare'],[VerbForm=Ger]
pensare,think,['VERB'],['pensare'],[VerbForm=Inf]
fantastico,Fantastic,['ADJ'],['fantastico'],[Gender=Masc|Number=Sing]
fatta,made,['VERB'],['fare'],[Gender=Fem|Number=Sing|Tense=Past|VerbForm=Part]
numero,number,['NOUN'],['numero'],[Gender=Masc|Number=Sing]
veramente,Truly,['ADV'],['veramente'],[]
fanno,they do,['VERB'],['fare'],[Mood=Ind|Number=Plur|Person=3|Tense=Pres|VerbForm=Fin]
com',as,"['NOUN', 'PUNCT']","['com', ""'""]","[Gender=Masc, ]"
serio,serious,['ADJ'],['serio'],[Gender=Masc|Number=Sing]
possa,can,['AUX'],['potere'],[Mood=Sub|Number=Sing|Person=3|Tense=Pres|VerbForm=Fin]
fossi,dive,['NOUN'],['fosso'],[Gender=Masc|Number=Plur]
entrare,enter,['VERB'],['entrare'],[VerbForm=Inf]
anch',too,"['NOUN', 'PUNCT']","['anch', ""'""]","[Gender=Fem, ]"
qualsiasi,any,['DET'],['qualsiasi'],[Number=Sing|PronType=Ind]
pensa,thinks,['VERB'],['pensare'],[Mood=Ind|Number=Sing|Person=3|Tense=Pres|VerbForm=Fin]
dicendo,saying,['VERB'],['dire'],[VerbForm=Ger]
acqua,waterfall,['NOUN'],['acqua'],[Gender=Fem|Number=Sing]
portato,carried,['VERB'],['portare'],[Gender=Masc|Number=Sing|Tense=Past|VerbForm=Part]
stanza,room,['NOUN'],['stanza'],[Gender=Fem|Number=Sing]
problemi,problems,['NOUN'],['problema'],[Gender=Masc|Number=Plur]
forte,strong,['ADJ'],['forte'],[Number=Sing]
nessuna,none,['DET'],['nessuno'],[Gender=Fem|Number=Sing|PronType=Ind]
lascia,leaves,['VERB'],['lasciare'],[Mood=Ind|Number=Sing|Person=3|Tense=Pres|VerbForm=Fin]
amo,I love,['VERB'],['amare'],[Mood=Ind|Number=Sing|Person=1|Tense=Pres|VerbForm=Fin]
roba,stuff,['NOUN'],['roba'],[Gender=Fem|Number=Sing]
agente,agent,['NOUN'],['agente'],[Number=Sing]
dietro,behind,['ADV'],['dietro'],[]
corpo,body,['NOUN'],['corpo'],[Gender=Masc|Number=Sing]
pare,it seems,['VERB'],['parere'],[Mood=Ind|Number=Sing|Person=3|Tense=Pres|VerbForm=Fin]
sentire,feel,['VERB'],['sentire'],[VerbForm=Inf]
foto,photo,['NOUN'],['foto'],[Gender=Fem]
telefono,telephone,['NOUN'],['telefono'],[Gender=Masc|Number=Sing]
voleva,he wanted,['VERB'],['volere'],[Mood=Ind|Number=Sing|Person=3|Tense=Imp|VerbForm=Fin]
poco,little,['ADV'],['poco'],[]
prendi,you take,['VERB'],['prendere'],[Mood=Ind|Number=Sing|Person=2|Tense=Pres|VerbForm=Fin]
piccola,small,['ADJ'],['piccolo'],[Gender=Fem|Number=Sing]
vicino,Neighbor,['ADV'],['vicino'],[]
quest',this,"['NOUN', 'PUNCT']","['quest', ""'""]","[Gender=Fem, ]"
sacco,sack,['NOUN'],['sacco'],[Gender=Masc|Number=Sing]
stia,stia,['VERB'],['stia'],[Mood=Ind|Number=Sing|Person=3|Tense=Pres|VerbForm=Fin]
capire,understand,['VERB'],['capire'],[VerbForm=Inf]
potuto,could,['AUX'],['potere'],[Gender=Masc|Number=Sing|Tense=Past|VerbForm=Part]
cinque,five,['NUM'],['cinque'],[NumType=Card]
strano,strange,['ADJ'],['strano'],[Gender=Masc|Number=Sing]
tue,your,['DET'],['tuo'],[Gender=Fem|Number=Plur|Poss=Yes|PronType=Prs]
andando,going,['VERB'],['andare'],[VerbForm=Ger]
donne,women,['NOUN'],['donna'],[Gender=Fem|Number=Plur]
sappiamo,we know,['VERB'],['sapere'],[Mood=Ind|Number=Plur|Person=1|Tense=Pres|VerbForm=Fin]
bravo,good boy,['ADJ'],['bravo'],[Gender=Masc|Number=Sing]
ragazze,girls,['ADJ'],['ragazzo'],[Gender=Fem|Number=Plur]
festa,party,['NOUN'],['festa'],[Gender=Fem|Number=Sing]
senso,sense,['NOUN'],['senso'],[Gender=Masc|Number=Sing]
genere,type ,['NOUN'],['genere'],[Gender=Masc|Number=Sing]
quattro,four,['NUM'],['quattro'],[NumType=Card]
dare,give,['VERB'],['dare'],[VerbForm=Inf]
attimo,moment,['ADV'],['attimo'],[]
sorella,sister,['NOUN'],['sorella'],[Gender=Fem|Number=Sing]
pure,mashed potato,['ADV'],['pure'],[]
probabilmente,probably,['ADV'],['probabilmente'],[]
film,movie,['NOUN'],['film'],[Gender=Masc]
parla,speaks,['VERB'],['parlare'],[Mood=Ind|Number=Sing|Person=3|Tense=Pres|VerbForm=Fin]
ufficio,office,['NOUN'],['ufficio'],[Gender=Masc|Number=Sing]
verso,towards,['ADP'],['verso'],[]
mesi,months,['NOUN'],['mese'],[Gender=Masc|Number=Plur]
farti,make you,['VERB'],['farto'],[Gender=Masc|Number=Plur|Tense=Past|VerbForm=Part]
unica,unique,['ADJ'],['unico'],[Gender=Fem|Number=Sing]
morire,die,['VERB'],['morire'],[VerbForm=Inf]
signorina,Miss,['VERB'],['signorinare'],[Mood=Sub|Number=Sing|Person=3|Tense=Pres|VerbForm=Fin]
vecchio,old,['ADJ'],['vecchio'],[Gender=Masc|Number=Sing]
domanda,request,['NOUN'],['domandare'],[Gender=Fem|Number=Sing]
ben,well,['ADV'],['bene'],[]
guerra,war,['NOUN'],['guerra'],[Gender=Fem|Number=Sing]
dottore,doctor,['NOUN'],['dottore'],[Gender=Masc|Number=Sing]
conosco,I know,['VERB'],['conoscere'],[Mood=Ind|Number=Sing|Person=1|Tense=Pres|VerbForm=Fin]
qual,that,['PRON'],['quale'],[Number=Sing|PronType=Int]
vivere,live,['VERB'],['vivere'],[VerbForm=Inf]
vista,view,['VERB'],['vedere'],[Gender=Fem|Number=Sing|Tense=Past|VerbForm=Part]
prova,trial,['NOUN'],['provare'],[Gender=Fem|Number=Sing]
nuova,new,['ADJ'],['nuovo'],[Gender=Fem|Number=Sing]
ricordo,I remember,['NOUN'],['ricordare'],[Gender=Masc|Number=Sing]
divertente,fun,['ADJ'],['divertente'],[Number=Sing]
avessi,had,['AUX'],['avessi'],[Mood=Sub|Number=Sing|Person=1|Tense=Imp|VerbForm=Fin]
sicura,safe,['ADJ'],['sicuro'],[Gender=Fem|Number=Sing]
paio,pair,['NOUN'],['paio'],[Gender=Masc|Number=Sing]
conto,I count,['NOUN'],['conto'],[Gender=Masc|Number=Sing]
perdere,LOSE,['VERB'],['perdere'],[VerbForm=Inf]
dimmi,Tell me,['NOUN'],['Dimmi'],[Gender=Masc|Number=Plur]
farmi,make me,['VERB'],['fare mi'],[Clitic=Yes|PronType=Prs|VerbForm=Inf]
figli,children,['NOUN'],['figlio'],[Gender=Masc|Number=Plur]
mezzo,half,['NOUN'],['mezzo'],[Gender=Masc|Number=Sing]
lavorare,work,['VERB'],['lavorare'],[VerbForm=Inf]
unico,unique,['ADJ'],['unico'],[Gender=Masc|Number=Sing]
esattamente,Exactly,['ADV'],['esattamente'],[]
squadra,squad,['NOUN'],['squadra'],[Gender=Fem|Number=Sing]
esatto,Exactly,['ADJ'],['esatto'],[Gender=Masc|Number=Sing]
possono,can,['AUX'],['potere'],[Mood=Ind|Number=Plur|Person=3|Tense=Pres|VerbForm=Fin]
fate,you do,['VERB'],['fare'],[Mood=Ind|Number=Plur|Person=2|Tense=Pres|VerbForm=Fin]
faro,lighthouse,['NOUN'],['faro'],[Gender=Masc|Number=Sing]
sapete,you know,['VERB'],['sapere'],[Mood=Ind|Number=Plur|Person=2|Tense=Pres|VerbForm=Fin]
dottor,Doctor,['NOUN'],['dottore'],[Gender=Masc|Number=Plur]
parola,word,['NOUN'],['parola'],[Gender=Fem|Number=Sing]
piedi,feet,['NOUN'],['piede'],[Gender=Masc|Number=Plur]
sopra,above,['ADP'],['sopra'],[]
motivo,reason,['NOUN'],['motivo'],[Gender=Masc|Number=Sing]
avevi,you had,['ADJ'],['aveve'],[Number=Plur]
cavolo,cabbage,['NOUN'],['cavolo'],[Gender=Masc|Number=Sing]
capitano,captain,['VERB'],['capitare'],[Mood=Ind|Number=Plur|Person=3|Tense=Pres|VerbForm=Fin]
finita,finite,['VERB'],['finire'],[Gender=Fem|Number=Sing|Tense=Past|VerbForm=Part]
volete,you want,['AUX'],['volere'],[Mood=Ind|Number=Plur|Person=2|Tense=Pres|VerbForm=Fin]
siano,they are,['AUX'],['essere'],[Mood=Sub|Number=Plur|Person=3|Tense=Pres|VerbForm=Fin]
potresti,you could,['VERB'],['potresti'],[Gender=Masc|Number=Plur|Tense=Past|VerbForm=Part]
gioco,game,['NOUN'],['gioco'],[Gender=Masc|Number=Sing]
perfetto,Perfect,['ADJ'],['perfetto'],[Gender=Masc|Number=Sing]
be,be,['PROPN'],['Be'],[]
mente,mind,['NOUN'],['menta'],[Gender=Fem|Number=Plur]
mangiare,eat,['VERB'],['mangiare'],[VerbForm=Inf]
resto,rest,['NOUN'],['resto'],[Gender=Masc|Number=Sing]
credere,believe,['VERB'],['credere'],[VerbForm=Inf]
fortuna,fortune,['NOUN'],['fortuna'],[Gender=Fem|Number=Sing]
tratta,deals with,['VERB'],['trattare'],[Mood=Ind|Number=Sing|Person=3|Tense=Pres|VerbForm=Fin]
chiamo,call,['VERB'],['chere'],[Mood=Ind|Number=Plur|Person=1|Tense=Pres|VerbForm=Fin]
morta,dead,['VERB'],['morire'],[Gender=Fem|Number=Sing|Tense=Past|VerbForm=Part]
là,there,['ADV'],['là'],[]
entrambi,both,['DET'],['entrambi'],[Gender=Masc|Number=Plur|PronType=Tot]
avresti,you would have,['ADJ'],['avresto'],[Gender=Masc|Number=Plur]
passare,pass,['VERB'],['passare'],[VerbForm=Inf]
cena,dinner,['NOUN'],['Cena'],[Gender=Fem|Number=Sing]
the,tea,['DET'],['the'],[Definite=Def|PronType=Art]
sarei,I would be,['AUX'],['sarei'],[Mood=Cnd|Number=Sing|Person=1|Tense=Pres|VerbForm=Fin]
controllo,check,['NOUN'],['controllo'],[Gender=Masc|Number=Sing]
affari,business,['NOUN'],['affare'],[Gender=Masc|Number=Plur]
spiace,unpleasant,['NOUN'],['spiace'],[Gender=Fem|Number=Sing]
ultimo,last,['ADJ'],['ultimo'],[Gender=Masc|NumType=Ord|Number=Sing]
facile,easy,['ADJ'],['facile'],[Number=Sing]
farò,lighthouse,['VERB'],['fare'],[Mood=Ind|Number=Sing|Person=1|Tense=Fut|VerbForm=Fin]
buongiorno,Good morning,['ADJ'],['buongiorno'],[Gender=Masc|Number=Sing]
davanti,in front of,['ADV'],['davanti'],[]
tizio,guy,['NOUN'],['tizio'],[Gender=Masc|Number=Sing]
dammi,give me,['NOUN'],['damma'],[Gender=Masc|Number=Plur]
sicurezza,safety,['NOUN'],['sicurezza'],[Gender=Fem|Number=Sing]
dalle,give her,['ADP'],['da il'],[Definite=Def|Gender=Fem|Number=Plur|PronType=Art]
quanti,how many,['DET'],['quanto'],[Gender=Masc|Number=Plur|PronType=Int]
dica,say,['ADJ'],['dico'],[Gender=Fem|Number=Sing]
matrimonio,marriage,['NOUN'],['matrimonio'],[Gender=Masc|Number=Sing]
vogliono,they want,['AUX'],['volere'],[Mood=Ind|Number=Plur|Person=3|Tense=Pres|VerbForm=Fin]
molti,many,['PRON'],['molto'],[Gender=Masc|Number=Plur|PronType=Ind]
culo,ass,['VERB'],['culo'],[Gender=Masc|Number=Sing|Tense=Past|VerbForm=Part]
fuoco,fire,['NOUN'],['fuoco'],[Gender=Masc|Number=Sing]
cercare,look for,['VERB'],['cercare'],[VerbForm=Inf]
pistola,pistol,['NOUN'],['pistola'],[Gender=Fem|Number=Sing]
potremmo,we could,['AUX'],['potere'],[Mood=Cnd|Number=Plur|Person=1|Tense=Pres|VerbForm=Fin]
re,king,['NOUN'],['re'],[Gender=Masc]
mandato,mandate,['NOUN'],['mandato'],[Gender=Masc|Number=Sing]
puttana,whore,['ADJ'],['puttano'],[Gender=Fem|Number=Sing]
negli,in,['ADP'],['in il'],[Definite=Def|Gender=Masc|Number=Plur|PronType=Art]
cioe,Meaning what,['VERB'],['cioe'],[Mood=Ind|Number=Sing|Person=3|Tense=Pres|VerbForm=Fin]
inizio,start,['NOUN'],['inizio'],[Gender=Masc|Number=Sing]
saranno,they will be,['AUX'],['essere'],[Mood=Ind|Number=Plur|Person=3|Tense=Fut|VerbForm=Fin]
causa,cause,['NOUN'],['causa'],[Gender=Fem|Number=Sing]
voglia,wants,['NOUN'],['voglio'],[Gender=Fem|Number=Sing]
mettere,put,['VERB'],['mettere'],[VerbForm=Inf]
fammi,do for me,['NOUN'],['fammo'],[Gender=Masc|Number=Plur]
uccidere,kill,['VERB'],['uccidere'],[VerbForm=Inf]
vogliamo,we want,['AUX'],['volere'],[Mood=Ind|Number=Plur|Person=1|Tense=Pres|VerbForm=Fin]
faremo,we will do,['VERB'],['fare'],[Mood=Ind|Number=Plur|Person=1|Tense=Fut|VerbForm=Fin]
però,However,['ADV'],['però'],[]
genitori,parents,['NOUN'],['genitore'],[Gender=Masc|Number=Plur]
sesso,sex,['NOUN'],['sesso'],[Gender=Masc|Number=Sing]
potete,you can,['VERB'],['potere'],[Mood=Ind|Number=Plur|Person=2|Tense=Pres|VerbForm=Fin]
ricevuto,received,['VERB'],['ricevere'],[Gender=Masc|Number=Sing|Tense=Past|VerbForm=Part]
vivo,I live,['ADJ'],['vivo'],[Gender=Masc|Number=Sing]
presidente,president,['NOUN'],['presidente'],[Gender=Masc|Number=Sing]
città,city,['NOUN'],['città'],[Gender=Fem]
succedendo,succeeding,['VERB'],['succedere'],[VerbForm=Ger]
ospedale,hospital,['NOUN'],['ospedale'],[Gender=Masc|Number=Sing]
fu,was,['AUX'],['essere'],[Mood=Ind|Number=Sing|Person=3|Tense=Past|VerbForm=Fin]
agli,to,['ADP'],['a il'],[Definite=Def|Gender=Masc|Number=Plur|PronType=Art]
scritto,written,['VERB'],['scrivere'],[Gender=Masc|Number=Sing|Tense=Past|VerbForm=Part]
smettila,stop that,['NUM'],['Smettila'],[NumType=Card]
vada,go,['VERB'],['andare'],[Mood=Sub|Number=Sing|Person=3|Tense=Pres|VerbForm=Fin]
attenzione,Attention,['NOUN'],['attenzione'],[Gender=Fem|Number=Sing]
sulle,on,['ADP'],['su il'],[Definite=Def|Gender=Fem|Number=Plur|PronType=Art]
bere,drinking,['VERB'],['bere'],[VerbForm=Inf]
situazione,situation,['NOUN'],['situazione'],[Gender=Fem|Number=Sing]
omicidio,homocide,['NOUN'],['omicidio'],[Gender=Masc|Number=Sing]
revisione,revision,['NOUN'],['revisione'],[Gender=Fem|Number=Sing]
avesse,had,['VERB'],['avere'],[Mood=Sub|Number=Sing|Person=3|Tense=Imp|VerbForm=Fin]
ottimo,Optimal,['ADJ'],['ottimo'],[Gender=Masc|Number=Sing]
cura,treatment,['NOUN'],['cura'],[Gender=Fem|Number=Sing]
durante,during,['ADP'],['durante'],[]
provato,tried,['VERB'],['provare'],[Gender=Masc|Number=Sing|Tense=Past|VerbForm=Part]
parole,words,['NOUN'],['parola'],[Gender=Fem|Number=Plur]
lasciare,leave,['VERB'],['lasciare'],[VerbForm=Inf]
dicono,they say,['VERB'],['dire'],[Mood=Ind|Number=Plur|Person=3|Tense=Pres|VerbForm=Fin]
new,new,['ADP'],['New'],[Definite=Def|Gender=Masc|Number=Sing|PronType=Art]
prossima,next,['ADJ'],['prossimo'],[Gender=Fem|Number=Sing]
nostre,our,['DET'],['nostro'],[Gender=Fem|Number=Plur|Poss=Yes|PronType=Prs]
arrivato,arrived,['VERB'],['arrivare'],[Gender=Masc|Number=Sing|Tense=Past|VerbForm=Part]
paese,village,['NOUN'],['paese'],[Gender=Masc|Number=Sing]
sull',on,"['VERB', 'PUNCT']","['sull', ""'""]","[Mood=Ind|Number=Sing|Person=1|Tense=Pres|VerbForm=Fin, ]"
andate,go,['VERB'],['andare'],[Mood=Imp|Number=Plur|Person=2|Tense=Pres|VerbForm=Fin]
chiunque,whoever,['PRON'],['chiunque'],[Number=Sing|PronType=Ind]
capisci,you understand,['NOUN'],['capisce'],[Gender=Masc|Number=Plur]
pace,peace,['VERB'],['pacere'],[Mood=Ind|Number=Sing|Person=3|Tense=Pres|VerbForm=Fin]
immagino,I imagine,['VERB'],['immagare'],[Mood=Sub|Number=Plur|Person=3|Tense=Pres|VerbForm=Fin]
musica,music,['NOUN'],['musica'],[Gender=Fem|Number=Sing]
tieni,keep,['VERB'],['tieni'],[Mood=Imp|Number=Sing|Person=2|Tense=Pres|VerbForm=Fin]
oddio,hate,['ADJ'],['oddiare'],[Gender=Masc|Number=Sing]
jack,jack,['NOUN'],['Jack'],[]
libro,book,['NOUN'],['libro'],[Gender=Masc|Number=Sing]
eravamo,we were,['AUX'],['essere'],[Mood=Ind|Number=Plur|Person=1|Tense=Imp|VerbForm=Fin]
amica,friend,['ADJ'],['amico'],[Gender=Fem|Number=Sing]
diventare,become,['VERB'],['diventare'],[VerbForm=Inf]
sui,on,['ADP'],['su il'],[Definite=Def|Gender=Masc|Number=Plur|PronType=Art]
sbagliato,wrong,['VERB'],['sbagliare'],[Gender=Masc|Number=Sing|Tense=Past|VerbForm=Part]
dirmi,tell me,['VERB'],['dire mi'],[Clitic=Yes|Number=Sing|Person=1|PronType=Prs|VerbForm=Inf]
wow,wow,['NOUN'],['Wow'],[]
farai,you will do,['VERB'],['faraare'],[Mood=Sub|Number=Sing|Person=3|Tense=Pres|VerbForm=Fin]
entra,enter,['VERB'],['entrare'],[Mood=Ind|Number=Sing|Person=3|Tense=Pres|VerbForm=Fin]
venuta,coming,['NOUN'],['venire'],[Gender=Fem|Number=Sing]
scelta,choice,['NOUN'],['scegliere'],[Gender=Fem|Number=Sing]
voluto,wanted,['VERB'],['volere'],[Gender=Masc|Number=Sing|Tense=Past|VerbForm=Part]
portare,bring,['VERB'],['portare'],[VerbForm=Inf]
assolutamente,absolutely,['ADV'],['assolutamente'],[]
molte,many,['DET'],['molto'],[Gender=Fem|Number=Plur|PronType=Ind]
chiedo,I ask,['VERB'],['chiedere'],[Mood=Ind|Number=Sing|Person=1|Tense=Pres|VerbForm=Fin]
torna,back,['VERB'],['tornare'],[Mood=Ind|Number=Sing|Person=3|Tense=Pres|VerbForm=Fin]
scoperto,discovery,['VERB'],['scoprire'],[Gender=Masc|Number=Sing|Tense=Past|VerbForm=Part]
fatti,facts,['NOUN'],['fare'],[Gender=Masc|Number=Plur]
settimane,weeks,['NOUN'],['settimana'],[Gender=Fem|Number=Plur]
dirlo,make him,['VERB'],['dire lo'],[Clitic=Yes|Gender=Masc|Number=Sing|Person=3|PronType=Prs|VerbForm=Inf]
alcuni,some,['PRON'],['alcuno'],[Gender=Masc|Number=Plur|PronType=Ind]
prigione,prison,['NOUN'],['prigione'],[Gender=Fem|Number=Sing]
giornata,day,['NOUN'],['giornare'],[Gender=Fem|Number=Sing]
piuttosto,rather,['ADV'],['piuttosto'],[]
buono,Good,['VERB'],['buere'],[Mood=Ind|Number=Plur|Person=3|Tense=Pres|VerbForm=Fin]
aspettare,wait,['VERB'],['aspettare'],[VerbForm=Inf]
parli,you speak,['VERB'],['pare li'],[Clitic=Yes|Gender=Masc|Number=Plur|Person=3|PronType=Prs|VerbForm=Inf]
arrivare,arrive,['VERB'],['arrivare'],[VerbForm=Inf]
lungo,long,['ADJ'],['lungo'],[Gender=Masc|Number=Sing]
vede,see,['VERB'],['vedere'],[Mood=Ind|Number=Sing|Person=3|Tense=Pres|VerbForm=Fin]
avvocato,lawyer,['NOUN'],['avvocato'],[Gender=Masc|Number=Sing]
deciso,decided,['VERB'],['decidere'],[Gender=Masc|Number=Sing|Tense=Past|VerbForm=Part]
sarai,you will be,['VERB'],['sarai'],[Mood=Ind|Number=Sing|Person=2|Tense=Fut|VerbForm=Fin]
messaggio,message,['NOUN'],['messaggio'],[Gender=Masc|Number=Sing]
dormire,sleep,['VERB'],['dormire'],[VerbForm=Inf]
dieci,ten,['NUM'],['dieci'],[NumType=Card]
stupido,stupid,['ADJ'],['stupido'],[Gender=Masc|Number=Sing]
usare,use,['VERB'],['usare'],[VerbForm=Inf]
dello,of the,['ADP'],['di il'],[Definite=Def|Gender=Masc|Number=Sing|PronType=Art]
cielo,sky,['NOUN'],['cielo'],[Gender=Masc|Number=Sing]
guardare,watch,['VERB'],['guardare'],[VerbForm=Inf]
bagno,bath,['NOUN'],['bagno'],[Gender=Masc|Number=Sing]
aria,air,['NOUN'],['aria'],[Gender=Fem|Number=Sing]
voce,voice,['NOUN'],['Voce'],[Gender=Fem|Number=Sing]
tornato,got back,['VERB'],['tornare'],[Gender=Masc|Number=Sing|Tense=Past|VerbForm=Part]
vuol,vuol,['AUX'],['volere'],[Mood=Ind|Number=Sing|Person=3|Tense=Pres|VerbForm=Fin]
giù,below,['ADV'],['giù'],[]
conosci,you know,['VERB'],['conoscere'],[Mood=Ind|Number=Sing|Person=2|Tense=Pres|VerbForm=Fin]
benissimo,Very well,['ADV'],['bene'],[Degree=Abs]
prendo,I take,['VERB'],['prere'],[VerbForm=Ger]
verita,truth,['VERB'],['veritare'],[Gender=Fem|Number=Sing|Tense=Past|VerbForm=Part]
cane,dog,['NOUN'],['cana'],[Gender=Masc|Number=Sing]
restare,remain,['VERB'],['restare'],[VerbForm=Inf]
chiamare,call,['VERB'],['chiamare'],[VerbForm=Inf]
poter,being able,['AUX'],['potere'],[VerbForm=Inf]
campo,field,['NOUN'],['campo'],[Gender=Masc|Number=Sing]
luce,light,['NOUN'],['luce'],[Gender=Fem|Number=Sing]
sam,Sam,['PROPN'],['Sam'],[]
qualunque,anyone,['DET'],['qualunque'],[Number=Sing|PronType=Ind]
giovane,young,['ADJ'],['giovane'],[Number=Sing]
signori,gentlemen,['NOUN'],['signore'],[Gender=Masc|Number=Plur]
fra,between,['ADP'],['fra'],[]
provare,try,['VERB'],['provare'],[VerbForm=Inf]
minuto,minute,['NOUN'],['minuto'],[Gender=Masc|Number=Sing]
saperlo,know it,['VERB'],['sapere lo'],[Clitic=Yes|Gender=Masc|Number=Sing|Person=3|PronType=Prs|VerbForm=Inf]
lontano,distant,['ADV'],['lontano'],[]
gruppo,group,['NOUN'],['gruppo'],[Gender=Masc|Number=Sing]
continua,continues,['VERB'],['continuare'],[Mood=Ind|Number=Sing|Person=3|Tense=Pres|VerbForm=Fin]
arrivo,I arrive,['NOUN'],['arrivo'],[Gender=Masc|Number=Sing]
gran,large,['ADJ'],['grande'],[Number=Sing]
realta,reality,['VERB'],['realtare'],[Mood=Ind|Number=Sing|Person=3|Tense=Pres|VerbForm=Fin]
cerca,near,['VERB'],['cercare'],[Mood=Ind|Number=Sing|Person=3|Tense=Pres|VerbForm=Fin]
passo,step,['NOUN'],['passo'],[Gender=Masc|Number=Sing]
domande,requests,['NOUN'],['domanda'],[Gender=Fem|Number=Plur]
insomma,In short,['ADV'],['insomma'],[]
bambina,girl,['ADJ'],['bambino'],[Gender=Fem|Number=Sing]
pensando,think,['VERB'],['pensare'],[VerbForm=Ger]
capelli,hair,['NOUN'],['capello'],[Gender=Masc|Number=Plur]
trova,finds,['VERB'],['trovare'],[Mood=Ind|Number=Sing|Person=3|Tense=Pres|VerbForm=Fin]
onore,honor,['NOUN'],['onore'],[Gender=Masc|Number=Sing]
aiutare,help,['VERB'],['aiutare'],[VerbForm=Inf]
verità,truth,['NOUN'],['verità'],[Gender=Fem]
prove,evidence,['NOUN'],['prova'],[Gender=Fem|Number=Plur]
n',n ',"['X', 'ADP']","['n', ""'""]","[, Definite=Def|Number=Sing|PronType=Art]"
funziona,works,['VERB'],['funzionare'],[Mood=Ind|Number=Sing|Person=3|Tense=Pres|VerbForm=Fin]
alto,high,['ADJ'],['alto'],[Gender=Masc|Number=Sing]
giu,below,['VERB'],['giure'],[VerbForm=Inf]
credevo,I believed,['VERB'],['credere'],[Mood=Ind|Number=Sing|Person=3|Tense=Pres|VerbForm=Fin]
futuro,future,['ADJ'],['futuro'],[Gender=Masc|Number=Sing]
preoccuparti,worry,['DET'],['preoccuparto'],[Gender=Masc|Number=Plur|PronType=Ind]
idiota,idiot,['ADJ'],['idioto'],[Gender=Fem|Number=Sing]
cibo,food,['NOUN'],['cibo'],[Gender=Masc|Number=Sing]
fretta,rush,['NOUN'],['fretta'],[Gender=Fem|Number=Sing]
cara,Dear,['VERB'],['caro'],[Mood=Sub|Number=Sing|Person=3|Tense=Pres|VerbForm=Fin]
finalmente,finally,['ADV'],['finalmente'],[]
morti,dead,['NOUN'],['morto'],[Gender=Masc|Number=Plur]
odio,hate,['VERB'],['odiare'],[Mood=Ind|Number=Sing|Person=1|Tense=Pres|VerbForm=Fin]
solito,usual,['NOUN'],['solire'],[Gender=Masc|Number=Sing]
brava,Good,['ADJ'],['bravo'],[Gender=Fem|Number=Sing]
incidente,accident,['NOUN'],['incidente'],[Gender=Masc|Number=Sing]
allo,at the,['ADP'],['a il'],[Definite=Def|Gender=Masc|Number=Sing|PronType=Art]
dev',it must,"['ADP', 'PUNCT']","['dev', ""'""]","[, ]"
intenzione,intention,['NOUN'],['intenzione'],[Gender=Fem|Number=Sing]
speciale,special,['ADJ'],['speciale'],[Number=Sing]
cambiare,change,['VERB'],['cambiare'],[VerbForm=Inf]
vera,real,['ADJ'],['vero'],[Gender=Fem|Number=Sing]
camera,room,['NOUN'],['Camera'],[Gender=Fem|Number=Sing]
oltre,beyond,['ADV'],['oltre'],[]
semplice,simple,['ADJ'],['semplice'],[Number=Sing]
dirti,tell you,['VERB'],['dire ti'],[Clitic=Yes|Number=Sing|Person=2|PronType=Prs|VerbForm=Inf]
riguardo,regard,['NOUN'],['riguardo'],[Gender=Masc|Number=Sing]
finche,until,['NOUN'],['finca'],[Gender=Fem|Number=Plur]
aspetto,I wait,['NOUN'],['aspetto'],[Gender=Masc|Number=Sing]
viaggio,voyage,['NOUN'],['viaggio'],[Gender=Masc|Number=Sing]
chiaro,clear,['ADJ'],['chiaro'],[Gender=Masc|Number=Sing]
chiamata,call,['VERB'],['chiamare'],[Gender=Fem|Number=Sing|Tense=Past|VerbForm=Part]
bocca,mouth,['NOUN'],['boccare'],[Gender=Fem|Number=Sing]
permesso,permit,['NOUN'],['permettere'],[Gender=Masc|Number=Sing]
piacerebbe,would like,['VERB'],['piacere'],[Mood=Cnd|Number=Sing|Person=3|Tense=Pres|VerbForm=Fin]
dovete,you have to,['VERB'],['dovere'],[Mood=Ind|Number=Plur|Person=2|Tense=Pres|VerbForm=Fin]
giocare,play,['VERB'],['giocare'],[VerbForm=Inf]
ordine,order,['NOUN'],['ordine'],[Gender=Masc|Number=Sing]
circa,about,['ADV'],['circa'],[]
ovviamente,Obviously,['ADV'],['ovviamente'],[]
finire,finish,['VERB'],['finire'],[VerbForm=Inf]
natale,Christmas,['ADJ'],['Natale'],[Number=Sing]
direi,I'd say,['VERB'],['dire'],[Mood=Cnd|Number=Sing|Person=1|Tense=Pres|VerbForm=Fin]
vostri,your,['DET'],['vostro'],[Gender=Masc|Number=Plur|Poss=Yes|PronType=Prs]
occhio,eye,['NOUN'],['occhio'],[Gender=Masc|Number=Sing]
pronta,ready,['ADJ'],['pronto'],[Gender=Fem|Number=Sing]
scusami,Excuse me,['NOUN'],['scusame'],[Gender=Masc|Number=Plur]
mattina,morning,['NOUN'],['mattina'],[Gender=Fem|Number=Sing]
cercato,looked for,['VERB'],['cercare'],[Gender=Masc|Number=Sing|Tense=Past|VerbForm=Part]
crede,you think,['VERB'],['credere'],[Mood=Ind|Number=Sing|Person=3|Tense=Pres|VerbForm=Fin]
sistema,system,['NOUN'],['sistema'],[Gender=Masc|Number=Sing]
york,York,['PROPN'],['York'],[]
fondo,bottom,['NOUN'],['fondo'],[Gender=Masc|Number=Sing]
resta,remain,['VERB'],['restare'],[Mood=Ind|Number=Sing|Person=3|Tense=Pres|VerbForm=Fin]
devono,they have to,['AUX'],['dovere'],[Mood=Ind|Number=Plur|Person=3|Tense=Pres|VerbForm=Fin]
prossimo,next,['ADJ'],['prossimo'],[Gender=Masc|Number=Sing]
pronti,ready,['ADJ'],['pronto'],[Gender=Masc|Number=Plur]
saputo,known,['VERB'],['sapere'],[Gender=Masc|Number=Sing|Tense=Past|VerbForm=Part]
scusate,Excuse me,['VERB'],['scusare'],[Mood=Ind|Number=Plur|Person=2|Tense=Pres|VerbForm=Fin]
potere,candies,['NOUN'],['potere'],[Gender=Masc|Number=Sing]
milioni,millions,['NOUN'],['milione'],[Gender=Masc|Number=Plur]
soltanto,only,['ADV'],['soltanto'],[]
armi,weapons,['NOUN'],['arma'],[Gender=Fem|Number=Plur]
arriva,he arrives,['VERB'],['arrivare'],[Mood=Ind|Number=Sing|Person=3|Tense=Pres|VerbForm=Fin]
fermo,stopped,['NOUN'],['fermo'],[Gender=Masc|Number=Sing]
mese,month,['NOUN'],['mese'],[Gender=Masc|Number=Sing]
chiedere,ask,['VERB'],['chiedere'],[VerbForm=Inf]
cristo,Christ,['VERB'],['cristo'],[Gender=Masc|Number=Sing|Tense=Past|VerbForm=Part]
torno,back,['VERB'],['tornare'],[Mood=Ind|Number=Sing|Person=1|Tense=Pres|VerbForm=Fin]
venite,come,['VERB'],['venire'],[Gender=Fem|Number=Plur|Tense=Past|VerbForm=Part]
controllare,check,['VERB'],['controllare'],[VerbForm=Inf]
appuntamento,appointment,['NOUN'],['appuntamento'],[Gender=Masc|Number=Sing]
s,sort,['X'],['s'],[]
chiami,who do you Love,['NOUN'],['chiamo'],[Gender=Masc|Number=Plur]
vecchia,old,['ADJ'],['vecchio'],[Gender=Fem|Number=Sing]
detective,detective,['ADJ'],['detectivo'],[Gender=Fem|Number=Plur]
pero,However,['NOUN'],['pero'],[Gender=Masc|Number=Sing]
metti,you put,['VERB'],['metto'],[Gender=Masc|Number=Plur|Tense=Past|VerbForm=Part]
grado,grade,['NOUN'],['grado'],[Gender=Masc|Number=Sing]
vanno,they go,['VERB'],['andare'],[Mood=Ind|Number=Plur|Person=3|Tense=Pres|VerbForm=Fin]
nave,ship,['NOUN'],['nave'],[Gender=Fem|Number=Sing]
iniziato,started,['VERB'],['iniziare'],[Gender=Masc|Number=Sing|Tense=Past|VerbForm=Part]
informazioni,information,['NOUN'],['informazione'],[Gender=Fem|Number=Plur]
libero,free,['ADJ'],['libero'],[Gender=Masc|Number=Sing]
stronzo,asshole,['NOUN'],['stronzo'],[Gender=Masc|Number=Sing]
grandi,big,['ADJ'],['grande'],[Number=Plur]
pezzo,piece,['NOUN'],['pezzo'],[Gender=Masc|Number=Sing]
segreto,secret,['ADJ'],['segreto'],[Gender=Masc|Number=Sing]
colpo,hit,['NOUN'],['colpo'],[Gender=Masc|Number=Sing]
faceva,he did,['VERB'],['fare'],[Mood=Ind|Number=Sing|Person=3|Tense=Imp|VerbForm=Fin]
piacciono,like,['VERB'],['piacere'],[Mood=Ind|Number=Plur|Person=3|Tense=Pres|VerbForm=Fin]
porto,port,['ADJ'],['porto'],[Gender=Masc|Number=Sing]
oppure,or,['CCONJ'],['oppure'],[]
completamente,completely,['ADV'],['completamente'],[]
vederti,see you,['NOUN'],['vederto'],[Gender=Fem|Number=Plur]
lista,list,['NOUN'],['listare'],[Gender=Fem|Number=Sing]
venga,come,['VERB'],['venire'],[Mood=Sub|Number=Sing|Person=3|Tense=Pres|VerbForm=Fin]
veloce,fast,['ADJ'],['veloce'],[Number=Sing]
assassino,killer,['NOUN'],['assassare'],[Gender=Masc|Number=Sing]
sapeva,He knew,['VERB'],['sapere'],[Mood=Ind|Number=Sing|Person=3|Tense=Imp|VerbForm=Fin]
finché,until,['SCONJ'],['finché'],[]
ormai,at this point,['ADV'],['ormai'],[]
interessa,interest,['VERB'],['interessare'],[Mood=Ind|Number=Sing|Person=3|Tense=Pres|VerbForm=Fin]
generale,general,['ADJ'],['generale'],[Number=Sing]
giusta,right,['ADJ'],['giusto'],[Gender=Fem|Number=Sing]
tenere,hold,['VERB'],['tenere'],[VerbForm=Inf]
pazzo,crazy,['ADJ'],['pazzo'],[Gender=Masc|Number=Sing]
vittima,victim,['NOUN'],['vittima'],[Gender=Fem|Number=Sing]
giuro,I swear,['NOUN'],['giuro'],[Gender=Masc|Number=Sing]
consiglio,advise,['NOUN'],['consiglio'],[Gender=Masc|Number=Sing]
alcune,someone,['DET'],['alcuno'],[Gender=Fem|Number=Plur|PronType=Ind]
semplicemente,simply,['ADV'],['semplicemente'],[]
zio,Uncle,['NOUN'],['zio'],[Gender=Masc|Number=Sing]
centro,center,['NOUN'],['centro'],[Gender=Masc|Number=Sing]
specie,species,['NOUN'],['specie'],[Gender=Fem]
mille,one thousand,['NUM'],['mille'],[NumType=Card]
sogno,dream,['NOUN'],['sogno'],[Gender=Masc|Number=Sing]
lasci,leave,['VERB'],['lascare'],[Mood=Ind|Number=Sing|Person=2|Tense=Pres|VerbForm=Fin]
carino,cute,['VERB'],['carare'],[Gender=Masc|Number=Sing|Tense=Past|VerbForm=Part]
doveva,where you go,['AUX'],['dovere'],[Mood=Ind|Number=Sing|Person=3|Tense=Imp|VerbForm=Fin]
brutto,ugly,['ADJ'],['brutto'],[Gender=Masc|Number=Sing]
nello,in,['ADP'],['in il'],[Definite=Def|Gender=Masc|Number=Sing|PronType=Art]
aspetti,aspect,['NOUN'],['aspetto'],[Gender=Masc|Number=Plur]
incredibile,incredible,['ADJ'],['incredibile'],[Number=Sing]
sole,Sun,['ADJ'],['solo'],[Gender=Fem|Number=Plur]
glielo,it,['ADV'],['gli lo'],[Clitic=Yes|Gender=Masc|Number=Sing|Person=3|PronType=Prs]
legge,law,['NOUN'],['legge'],[Gender=Fem|Number=Sing]
spesso,Often,['ADV'],['spesso'],[]
guardate,watch,['VERB'],['guardare'],[Gender=Fem|Number=Plur|Tense=Past|VerbForm=Part]
cambiato,changed,['VERB'],['cambiare'],[Gender=Masc|Number=Sing|Tense=Past|VerbForm=Part]
scena,scene,['VERB'],['scenare'],[Mood=Ind|Number=Sing|Person=3|Tense=Pres|VerbForm=Fin]
volevi,you wanted,['VERB'],['volevere'],[Mood=Ind|Number=Sing|Person=2|Tense=Pres|VerbForm=Fin]
lasciami,leave me,['NOUN'],['lasciame'],[Gender=Masc|Number=Plur]
gentile,Kind,['ADJ'],['gentile'],[Number=Sing]
rispetto,respect,['ADV'],['rispetto'],[]
ve,ve,['X'],['ve'],[Foreign=Yes]
fara,will make,['VERB'],['farare'],[Mood=Ind|Number=Sing|Person=3|Tense=Pres|VerbForm=Fin]
zitto,Shut up,['NOUN'],['zitto'],[Gender=Masc|Number=Sing]
incontro,encounter,['NOUN'],['incontro'],[Gender=Masc|Number=Sing]
farà,will make,['VERB'],['fare'],[Mood=Ind|Number=Sing|Person=3|Tense=Fut|VerbForm=Fin]
servono,need,['VERB'],['servire'],[Mood=Ind|Number=Plur|Person=3|Tense=Pres|VerbForm=Fin]
rapporto,relationship,['NOUN'],['rapporto'],[Gender=Masc|Number=Sing]
errore,mistake,['NOUN'],['errore'],[Gender=Masc|Number=Sing]
sanno,they know,['VERB'],['sapere'],[Mood=Ind|Number=Plur|Person=3|Tense=Pres|VerbForm=Fin]
pagare,pay,['VERB'],['pagare'],[VerbForm=Inf]
sorpresa,surprise,['VERB'],['sorpreso'],[Gender=Fem|Number=Sing|Tense=Past|VerbForm=Part]
occhiata,look,['ADJ'],['occhiato'],[Gender=Fem|Number=Sing]
risposta,answer,['NOUN'],['risposta'],[Gender=Fem|Number=Sing]
presa,Jack,['VERB'],['prendere'],[Gender=Fem|Number=Sing|Tense=Past|VerbForm=Part]
servizio,service,['NOUN'],['servizio'],[Gender=Masc|Number=Sing]
medico,doctor,['NOUN'],['medico'],[Gender=Masc|Number=Sing]
usato,used,['VERB'],['usare'],[Gender=Masc|Number=Sing|Tense=Past|VerbForm=Part]
hey,Hey,['PROPN'],['Hey'],[]
caro,Dear,['ADJ'],['caro'],[Gender=Masc|Number=Sing]
schifo,disgust,['ADJ'],['schifo'],[Gender=Fem|Number=Plur]
avrai,you will have,['VERB'],['avere'],[Mood=Ind|Number=Sing|Person=2|Tense=Fut|VerbForm=Fin]
dolore,ache,['NOUN'],['dolore'],[Gender=Masc|Number=Sing]
saresti,would you be,['NOUN'],['saresto'],[Gender=Masc|Number=Plur]
personale,personnel,['ADJ'],['personale'],[Number=Sing]
quali,which,['PRON'],['quale'],[Number=Plur|PronType=Rel]
saro,I will be,['NOUN'],['saro'],[Gender=Masc|Number=Sing]
peggio,worse,['ADV'],['peggio'],[]
addio,Goodbye,['NOUN'],['addio'],[Gender=Masc|Number=Sing]
addosso,on,['ADV'],['addosso'],[]
dovevo,I had to,['VERB'],['dovere'],[Mood=Ind|Number=Sing|Person=1|Tense=Imp|VerbForm=Fin]
poteva,he could,['AUX'],['potere'],[Mood=Ind|Number=Sing|Person=3|Tense=Imp|VerbForm=Fin]
pieno,full,['ADJ'],['pieno'],[Gender=Masc|Number=Sing]
diverso,different,['ADJ'],['diverso'],[Gender=Masc|Number=Sing]
vestiti,clothes,['VERB'],['vestire'],[Gender=Masc|Number=Plur|Tense=Past|VerbForm=Part]
sparato,shot,['VERB'],['sparare'],[Gender=Masc|Number=Sing|Tense=Past|VerbForm=Part]
realtà,reality,['NOUN'],['realtà'],[Gender=Fem]
do,do,['ADP'],['do'],[]
sarò,I will be,['AUX'],['essere'],[Mood=Ind|Number=Sing|Person=1|Tense=Fut|VerbForm=Fin]
normale,normal,['ADJ'],['normale'],[Number=Sing]
fame,hunger,['NOUN'],['Fame'],[Gender=Fem|Number=Plur]
programma,plan,['NOUN'],['programma'],[Gender=Masc|Number=Sing]
nonna,Grandmother,['ADJ'],['nonno'],[Gender=Fem|Number=Sing]
sappia,know,['VERB'],['sappia'],[Mood=Imp|Number=Sing|Person=2|Tense=Pres|VerbForm=Fin]
sembrava,It seemed,['VERB'],['sembrare'],[Mood=Ind|Number=Sing|Person=3|Tense=Imp|VerbForm=Fin]
migliori,better,['ADJ'],['migliore'],[Degree=Cmp|Number=Plur]
notizie,news,['NOUN'],['notizia'],[Gender=Fem|Number=Plur]
avevamo,we had,['AUX'],['avere'],[Mood=Ind|Number=Plur|Person=1|Tense=Imp|VerbForm=Fin]
riesci,are able,['VERB'],['riesci'],[Mood=Ind|Number=Sing|Person=2|Tense=Pres|VerbForm=Fin]
posizione,position,['NOUN'],['posizione'],[Gender=Fem|Number=Sing]
vengo,I come,['VERB'],['venire'],[Mood=Ind|Number=Sing|Person=1|Tense=Pres|VerbForm=Fin]
rimanere,stay,['VERB'],['rimanere'],[VerbForm=Inf]
compagnia,company,['NOUN'],['compagnia'],[Gender=Fem|Number=Sing]
proposito,purpose,['NOUN'],['proposito'],[Gender=Masc|Number=Sing]
farci,make us,['AUX'],['fare ci'],[Clitic=Yes|Number=Plur|Person=1|PronType=Prs|VerbForm=Inf]
ricorda,remember,['VERB'],['ricordare'],[Mood=Ind|Number=Sing|Person=3|Tense=Pres|VerbForm=Fin]
prende,takes,['VERB'],['prendere'],[Mood=Ind|Number=Sing|Person=3|Tense=Pres|VerbForm=Fin]
tante,many,['DET'],['tanto'],[Gender=Fem|Number=Plur|PronType=Ind]
avevano,they had,['AUX'],['avere'],[Mood=Ind|Number=Plur|Person=3|Tense=Imp|VerbForm=Fin]
arrivando,arriving,['VERB'],['arrivare'],[VerbForm=Ger]
chiuso,closed,['VERB'],['chiudere'],[Gender=Masc|Number=Sing|Tense=Past|VerbForm=Part]
terribile,terrible,['ADJ'],['terribile'],[Number=Sing]
ritardo,delay,['NOUN'],['ritardo'],[Gender=Masc|Number=Sing]
attento,careful,['NOUN'],['attento'],[Gender=Masc|Number=Sing]
bar,Cafe,['NOUN'],['bar'],[Gender=Masc]
sembri,you look,['NOUN'],['sembro'],[Gender=Masc|Number=Plur]
fallo,just do it,['NOUN'],['fallo'],[Gender=Masc|Number=Sing]
dimenticato,forgotten,['VERB'],['dimenticare'],[Gender=Masc|Number=Sing|Tense=Past|VerbForm=Part]
bisogna,must,['VERB'],['bisognare'],[Mood=Ind|Number=Sing|Person=3|Tense=Pres|VerbForm=Fin]
impossibile,impossible,['ADJ'],['impossibile'],[Number=Sing]
cioè,Meaning what,['ADV'],['cioè'],[]
studio,study,['NOUN'],['studio'],[Gender=Masc|Number=Sing]
stessi,same,['ADJ'],['stesso'],[Gender=Masc|Number=Plur]
arma,weapon,['NOUN'],['armare'],[Gender=Fem|Number=Sing]
conosce,know,['VERB'],['conoscere'],[Mood=Ind|Number=Sing|Person=3|Tense=Pres|VerbForm=Fin]
uscita,exit,['NOUN'],['uscita'],[Gender=Fem|Number=Sing]
fin,fin,['ADP'],['fino'],[]
disse,She said,['VERB'],['dire'],[Mood=Ind|Number=Sing|Person=3|Tense=Past|VerbForm=Fin]
vattene,get out,['VERB'],['vattene'],[Mood=Ind|Number=Sing|Person=3|Tense=Pres|VerbForm=Fin]
quante,how much it is,['DET'],['quanto'],[Gender=Fem|Number=Plur|PronType=Int]
guai,trouble,['NOUN'],['guaio'],[Gender=Masc|Number=Plur]
intorno,environment,['ADV'],['intorno'],[]
video,video,['ADJ'],['video'],[]
manca,lacks,['VERB'],['mancare'],[Mood=Ind|Number=Sing|Person=3|Tense=Pres|VerbForm=Fin]
esserci,there,['VERB'],['essere ci'],[Clitic=Yes|PronType=Prs|VerbForm=Inf]
grosso,big,['ADJ'],['grosso'],[Gender=Masc|Number=Sing]
tanti,many,['PRON'],['tanto'],[Gender=Masc|Number=Plur|PronType=Ind]
dolce,Sweet,['ADJ'],['dolce'],[Number=Sing]
chiave,key,['NOUN'],['chiave'],[Gender=Fem|Number=Sing]
cervello,brain,['NOUN'],['cervello'],[Gender=Masc|Number=Sing]
coraggio,courage,['NOUN'],['coraggio'],[Gender=Masc|Number=Sing]
interessante,Interesting,['ADJ'],['interessante'],[Number=Sing]
peccato,Sin,['VERB'],['peccare'],[Gender=Masc|Number=Sing|Tense=Past|VerbForm=Part]
questione,question,['NOUN'],['questione'],[Gender=Fem|Number=Sing]
adoro,I adore,['NOUN'],['adoro'],[Gender=Masc|Number=Sing]
aereo,airplane,['ADJ'],['aereo'],[Gender=Masc|Number=Sing]
guardi,look,['NOUN'],['guardo'],[Gender=Masc|Number=Plur]
rubato,stolen,['VERB'],['rubare'],[Gender=Masc|Number=Sing|Tense=Past|VerbForm=Part]
sala,room,['VERB'],['sala'],[Gender=Fem|Number=Sing|Tense=Past|VerbForm=Part]
base,basis,['NOUN'],['base'],[Gender=Fem|Number=Sing]
sette,seven,['NUM'],['sette'],[NumType=Card]
sente,feel,['VERB'],['sentire'],[Mood=Ind|Number=Sing|Person=3|Tense=Pres|VerbForm=Fin]
compleanno,birthday,['NOUN'],['compleanno'],[Gender=Masc|Number=Sing]
potrebbero,they might,['AUX'],['potere'],[Mood=Cnd|Number=Plur|Person=3|Tense=Pres|VerbForm=Fin]
relazione,relation,['NOUN'],['relazione'],[Gender=Fem|Number=Sing]
cliente,customer,['NOUN'],['cliente'],[Number=Sing]
spalle,shoulders,['NOUN'],['spalla'],[Gender=Fem|Number=Plur]
seconda,second,['ADJ'],['secondo'],[Gender=Fem|NumType=Ord|Number=Sing]
parti,set off,['NOUN'],['parte'],[Gender=Fem|Number=Plur]
vale,vale,['VERB'],['valere'],[Mood=Ind|Number=Sing|Person=3|Tense=Pres|VerbForm=Fin]
qualcun,someone,['DET'],['qualcuno'],[Gender=Masc|Number=Sing|PronType=Ind]
